Date/heure;Température moy;Température max;Température min;Rayonnement solaire moy;Précipitations Somme;Vitesse du vent  moy;Vitesse du vent  max;Vitesse du vent max [m/s] max;ETP quotidien [mm]
22/06/2021 00:00;15.92;22.54;14.12;108;4.8;0.2;0.8;2.4;
21/06/2021 00:00;18.9;27.75;12.96;310;3.4;0.6;1.7;4.3;4.8
20/06/2021 00:00;18.69;27.47;10.13;324;0;0.4;1.3;3.4;4.7
19/06/2021 00:00;16.95;21.41;13.49;109;6.8;0.3;1;2.5;2
18/06/2021 00:00;18.72;22.25;16.43;86;0.4;0.5;1.4;3.3;1.9
17/06/2021 00:00;20.57;27.65;16.07;252;0;0.6;1.4;5.4;4.2
16/06/2021 00:00;19.63;26.69;15.34;244;2.2;0.5;1.7;3.5;3.9
15/06/2021 00:00;21.12;29.08;15.46;269;2;0.5;1.7;4;4.4
14/06/2021 00:00;20.45;27.67;14.67;285;10.8;0.5;1.4;3.2;4.5
13/06/2021 00:00;21.23;29.06;14.03;319;0;0.5;1.1;3;5
12/06/2021 00:00;21.07;29.46;16.56;261;0;0.4;1.5;3.6;4.3
11/06/2021 00:00;24.26;32.5;17.77;287;19.8;0.5;1.5;4.1;4.9
10/06/2021 00:00;27.96;37.41;19.02;298;0.6;0.3;1.2;3.1;5
09/06/2021 00:00;26.71;36.45;17.73;290;2.4;0.3;1.5;3.1;4.9
08/06/2021 00:00;26.07;32.61;21.31;140;0;0.2;1.5;3.4;2.8
07/06/2021 00:00;27.32;36.44;20.1;262;0;0.5;1.3;3.5;4.8
06/06/2021 00:00;24.56;34.52;15.53;312;0;0.5;1.9;4.9;5.2
05/06/2021 00:00;20.3;28.13;14.94;286;0;0.4;1.2;2.7;4.5
04/06/2021 00:00;18.09;22.94;14.95;146;13.2;0.5;1.5;4.3;2.5
03/06/2021 00:00;18.82;28.94;13.02;274;3.2;0.6;1.4;3.7;4.4
02/06/2021 00:00;19.09;27.43;12.36;322;0;0.6;1.5;4;4.8
01/06/2021 00:00;19.83;27.51;15.37;287;0;0.4;1.1;3.6;4.5
31/05/2021 00:00;21.14;26.3;16.97;194;0;0.5;1.3;4;3.4
30/05/2021 00:00;26.85;34.72;21.21;137;0;0.4;2.8;7.5;3.1
29/05/2021 00:00;24.36;31.89;16.66;226;0;0.3;1.1;2.1;3.9
28/05/2021 00:00;22.89;32.4;15.16;267;0;0.3;1.3;2.9;4.4
27/05/2021 00:00;21.31;27.55;16.78;256;2.2;0.5;1.4;3.2;4.2
26/05/2021 00:00;21.53;28.91;15.1;170;0;0.2;1;2.8;3
25/05/2021 00:00;19.56;28.59;11.57;233;5;0.3;1.2;2.6;3.6
24/05/2021 00:00;16.74;26.97;8.2;297;0;0.5;1.5;3.1;4.3
23/05/2021 00:00;16.09;22.65;11.14;185;1.6;0.8;1.8;4.3;3.1
22/05/2021 00:00;21.66;28.94;15.79;245;28.4;0.5;1.3;3.2;4.1
21/05/2021 00:00;25.19;34.79;17.34;315;0.4;0.4;1.3;3.7;5.1
20/05/2021 00:00;25.73;36.82;17.6;323;9.4;0.2;0.9;3;5
19/05/2021 00:00;24.28;33.66;14.96;322;0;0.3;1;3.1;5
18/05/2021 00:00;22.96;32.86;14.14;326;0;0.4;1.2;5.1;5.1
17/05/2021 00:00;21.39;29.56;14.58;307;0.4;0.4;1.1;2.6;4.7
16/05/2021 00:00;24.24;32.16;16.93;293;0;0.5;1.6;3.9;4.9
15/05/2021 00:00;22.93;32.29;13.01;296;0;0.3;1.4;3;4.6
14/05/2021 00:00;18.34;27.21;9.68;309;0;0.4;1.3;3;4.4
13/05/2021 00:00;17.2;25.97;11.13;301;0;0.5;1.2;2.6;4.3
12/05/2021 00:00;16.26;24.85;8.21;327;0;0.4;1;3.1;4.3
11/05/2021 00:00;16.39;23.32;10.68;318;0;0.4;1.1;2.7;4.3
10/05/2021 00:00;15.79;22.23;12.48;163;0.6;0.8;2;4.8;2.7
09/05/2021 00:00;17.53;24.17;14.15;180;4.4;0.8;2.1;4.1;3.1
08/05/2021 00:00;23.66;36.54;16.48;241;12.8;0.4;3.2;6.1;4.2
07/05/2021 00:00;22.28;31.4;13.82;303;0.2;0.3;1.2;3.3;4.5
06/05/2021 00:00;20.85;29.43;13.63;284;0.2;0.3;1.1;3.1;4.3
05/05/2021 00:00;19.61;27.81;11.69;300;0;0.4;1.4;4.7;4.4
04/05/2021 00:00;19.13;28.22;10.92;299;0;0.4;1.3;3.6;4.3
03/05/2021 00:00;15.1;22.06;8.6;189;0;0.2;0.8;2.1;2.7
02/05/2021 00:00;14.35;22.41;6.39;309;0;0.3;1.1;2.5;3.9
01/05/2021 00:00;13.66;20.53;7.07;239;0;0.3;1.3;2.6;3.1
30/04/2021 00:00;12.42;15.34;10.35;70;5.4;0.4;1.6;2.8;1.3
29/04/2021 00:00;15.76;22.65;11.16;181;0;0.3;1.1;3.1;2.7
28/04/2021 00:00;16.27;22.97;11.45;192;0.4;0.4;1.6;3.9;2.9
27/04/2021 00:00;17.44;23.68;12.91;262;0;0.8;2.2;5.2;3.9
26/04/2021 00:00;16.94;24.99;11.44;264;0.2;0.5;1.9;5.1;3.8
25/04/2021 00:00;15.5;21;12.48;95;10;0.2;1;3.1;1.7
24/04/2021 00:00;16.52;21.15;13.69;97;1.4;0.3;1.3;2.7;1.7
23/04/2021 00:00;19.28;27.1;12.68;286;0.4;0.4;1.3;3.1;4.1
22/04/2021 00:00;16.42;23.78;10.38;286;0;0.3;1.2;2.9;3.8
21/04/2021 00:00;15.81;22.11;12.28;223;0;0.4;1.2;3.6;3.2
20/04/2021 00:00;15.92;23.33;8.21;296;0;0.3;1.1;2.9;3.8
19/04/2021 00:00;17.03;24.59;10.39;290;0;0.3;1.4;3.4;3.8
18/04/2021 00:00;17.02;24.02;9.42;293;0;0.2;0.8;2.5;3.7
17/04/2021 00:00;16.46;23.33;10.37;266;0;0.2;0.9;2.4;3.5
16/04/2021 00:00;14.47;22.7;10.86;163;2.4;0.1;1.1;3.4;2.4
15/04/2021 00:00;14.14;18.36;12.24;91;6.6;0.1;0.9;4.1;1.5
14/04/2021 00:00;17.34;21.43;13.98;108;15;0.3;1.1;3.7;1.8
13/04/2021 00:00;19.69;28.29;13.42;238;0.2;0.1;0.6;2.2;3.4
12/04/2021 00:00;17.34;25.62;9.44;261;0;0.2;0.8;2.3;3.4
11/04/2021 00:00;16.64;24.06;12.06;257;0;0.2;1.2;3.7;3.4
10/04/2021 00:00;16.56;24.29;12.56;229;0.2;0.1;0.9;2.3;3.1
09/04/2021 00:00;17.37;24.53;14.11;170;0.2;0.2;1;2.4;2.5
08/04/2021 00:00;17.31;23.43;14.15;180;0;0.2;0.7;2.4;2.7
07/04/2021 00:00;15.54;19.96;12.1;87;0;0.1;0.4;1.8;1.5
06/04/2021 00:00;17.55;26.97;9.38;235;0;0.1;0.8;2.6;3.1
05/04/2021 00:00;16.58;25.88;8.32;274;0;0.1;0.7;2.1;3.4
04/04/2021 00:00;15;22.03;10.5;243;0;0.2;0.7;1.9;3
03/04/2021 00:00;14.81;21.3;9.65;252;0;0.2;0.8;3.6;3.1
02/04/2021 00:00;16;23.93;12.41;169;0;0.2;0.7;2.3;2.4
01/04/2021 00:00;17.51;23.78;13.31;258;0;0.3;0.8;3;3.4
31/03/2021 00:00;24.47;34.24;16.87;231;0;0.8;1.8;5.8;4.3
30/03/2021 00:00;21.35;28.41;15.86;196;0;0.4;1.4;4.1;3.1
29/03/2021 00:00;19.44;26.3;12.91;164;0.4;0.4;1.3;3.4;2.6
28/03/2021 00:00;17.81;25.75;13.31;146;0.2;0.4;2.3;6.8;2.4
27/03/2021 00:00;18.63;28.4;11.31;202;0.2;0;0.6;1.8;2.6
26/03/2021 00:00;15.98;25.12;8.41;228;0;0;0.5;1.7;2.7
25/03/2021 00:00;15.34;25.19;7.39;279;0;0.1;0.6;1.7;3.1
24/03/2021 00:00;15.05;23.97;7.79;274;0;0.1;0.8;3.1;3.1
23/03/2021 00:00;13.61;22.32;5.5;276;0;0.1;1.2;3.3;3
22/03/2021 00:00;11.23;19.59;3.08;273;0;0.1;0.6;2;2.7
21/03/2021 00:00;9.15;15.44;4.44;252;0.2;0.3;1.4;3.5;2.5
20/03/2021 00:00;7.35;11.59;4.76;37;34;0.4;2.3;4.6;0.8
19/03/2021 00:00;13.32;19.53;8.19;201;0;0.5;2.5;5.6;2.5
18/03/2021 00:00;15.07;21.71;11.54;202;0;0.1;0.8;3.5;2.5
17/03/2021 00:00;15.98;22.05;11.22;168;0;0.3;1.2;2.7;2.3
16/03/2021 00:00;16.68;23.53;11.34;229;0;0.4;1.1;2.5;2.9
15/03/2021 00:00;16.17;23.63;9.54;211;0;0.1;0.8;2.2;2.5
14/03/2021 00:00;13.56;21.95;5.69;241;0;0.1;0.6;2.1;2.6
13/03/2021 00:00;13.68;20.65;9.32;242;0;0.1;0.7;2.6;2.7
12/03/2021 00:00;12.27;19.76;4.73;238;0;0.1;1;2.3;2.5
11/03/2021 00:00;12.15;20.45;3.49;245;0;0.1;0.7;3.1;2.4
10/03/2021 00:00;10.7;17.76;3.66;230;0;0.2;0.8;2.6;2.3
09/03/2021 00:00;10.12;16.89;6.94;160;1;0.1;1;2.7;1.8
08/03/2021 00:00;10.21;13.2;8.76;62;13.8;0.1;0.9;2.8;1
07/03/2021 00:00;11.54;18.19;7.95;106;4;0.3;1.8;5;1.5
06/03/2021 00:00;12.21;17.46;9.13;135;8;0.2;1.1;3.3;1.7
05/03/2021 00:00;13.11;18.68;9.71;121;5;0.2;1.4;3.6;1.6
04/03/2021 00:00;14.22;21.68;8.99;140;0;0.2;1.3;3.6;1.8
03/03/2021 00:00;13.52;19.05;9.26;188;0;0.5;1.5;5;2.2
02/03/2021 00:00;11.96;19.25;5.54;191;0.2;0.1;0.6;2.4;2
01/03/2021 00:00;11.94;19.02;8.48;165;2.4;0.2;1.1;3.4;1.9
28/02/2021 00:00;10.85;19.03;6.15;122;5.2;0.1;1.9;3.8;1.5
27/02/2021 00:00;12.15;18.09;8.64;145;0;0.1;1.1;2.2;1.7
26/02/2021 00:00;11.87;17.32;9.2;108;3.2;0.1;0.8;2.2;1.4
25/02/2021 00:00;12.83;20.3;6.08;168;3.2;0.1;0.7;2.3;1.7
24/02/2021 00:00;12.89;20.78;6.93;184;0;0.6;1.4;3.3;2.2
23/02/2021 00:00;10.87;18;4.59;192;0;0.5;1.6;4.6;2
22/02/2021 00:00;10.01;16.38;5.97;166;0;0.5;1.3;3.6;1.7
21/02/2021 00:00;9.99;13.09;6.33;71;8.8;0.8;3;6.6;1.2
20/02/2021 00:00;16.29;26.8;8.93;174;0;0.1;1.1;2.3;1.8
19/02/2021 00:00;14.09;22.81;7.41;173;0;0.1;0.7;2;1.8
18/02/2021 00:00;13.48;22.54;7.47;175;0;0.1;0.9;2.2;1.8
17/02/2021 00:00;13.75;23.73;6.17;172;0;0.1;1.2;3.2;1.8
16/02/2021 00:00;14.27;24.5;5.93;169;0;0;0.5;1.2;1.6
15/02/2021 00:00;14.74;22.24;8.25;171;0;0.4;1.2;2.6;1.9
14/02/2021 00:00;14.68;22.58;6.84;173;0;0.3;1;3.1;1.8
13/02/2021 00:00;12.6;20.75;6.75;165;0;0.1;0.8;2.8;1.6
12/02/2021 00:00;13.12;19.77;9.59;145;0;0.1;0.6;1.8;1.5
11/02/2021 00:00;13.82;23.44;6.53;153;0.2;0.1;0.6;1.4;1.5
10/02/2021 00:00;12.88;19.94;7.11;148;0;0.1;0.9;3.5;1.5
09/02/2021 00:00;12.49;16.92;8.06;79;4.6;0.4;2;5;1.1
08/02/2021 00:00;11.06;16.94;4.9;125;1.2;0.7;2.1;7.8;1.4
07/02/2021 00:00;8.57;13.6;5.43;85;3.8;0.6;2;5;1.1
06/02/2021 00:00;9.01;14.15;6.18;93;6.2;0.5;1.7;4;1.1
05/02/2021 00:00;11.09;14.93;8.81;47;0.2;0.3;1.7;3.8;0.9
04/02/2021 00:00;14.14;21.67;8.01;96;0;0.1;0.6;3.1;1.1
03/02/2021 00:00;12.36;19.67;7.33;120;0.2;0;0.7;1.8;1.2
02/02/2021 00:00;13.5;24.52;5.89;133;0;0;0.5;1.5;1.2
01/02/2021 00:00;12.69;20.66;7.04;128;0.2;0;0.5;1.3;1.2
31/01/2021 00:00;12.45;18.01;9.19;120;0.6;0.1;0.8;2;1.2
30/01/2021 00:00;12.5;16.78;9.87;80;0.4;0.2;1.1;3;1
29/01/2021 00:00;16.11;26.41;10.03;126;0;0.1;0.8;2.5;1.3
28/01/2021 00:00;15.47;26.85;8.62;121;0.2;0;0.3;0.8;1.2
27/01/2021 00:00;13.57;22.6;8.35;115;0;0;0.4;1.3;1.2
26/01/2021 00:00;13.25;20.7;8;116;0;0;0.5;1.6;1.1
25/01/2021 00:00;12.72;19.25;7.93;113;0;0.1;0.7;1.8;1.1
24/01/2021 00:00;10.94;17.47;5.46;107;0.2;0.1;0.9;2.8;1
23/01/2021 00:00;11.6;17.52;7.34;115;0.4;0.1;0.6;2.3;1.1
22/01/2021 00:00;12.57;17.28;8.83;45;6;0.4;1.6;4.4;0.9
21/01/2021 00:00;12.32;18.04;9.52;91;2.4;0.3;1.4;3.4;1.1
20/01/2021 00:00;9.96;16.88;3.46;110;6;0.4;2.1;5.5;1.1
19/01/2021 00:00;9.54;19.09;3.14;112;0;0;0.5;2.1;0.9
18/01/2021 00:00;9.02;20.21;2.43;112;0;0;0.3;1.5;0.8
17/01/2021 00:00;7.81;16.59;2.49;104;0;0.1;1.3;2.2;0.8
16/01/2021 00:00;6.75;15.72;0.56;105;0.2;0;0.5;1.4;0.8
15/01/2021 00:00;6.18;14.3;0.95;103;0;0;0.5;1.5;0.8
14/01/2021 00:00;5.42;13.01;0.24;103;0.2;0.1;1;2.2;0.8
13/01/2021 00:00;5.87;13.62;1.07;105;0.2;0.1;0.9;2.1;0.8
12/01/2021 00:00;5.77;12.19;0.1;104;0;0.1;0.9;3;0.8
11/01/2021 00:00;4.61;9.26;1.81;73;5.6;0.4;1.4;3.4;0.7
10/01/2021 00:00;5.5;10.5;3.25;74;22.6;0.9;2.4;5.9;0.9
09/01/2021 00:00;7.92;11.31;4.8;63;13;1.2;2.7;7.6;0.9
08/01/2021 00:00;13.24;16.37;10.97;53;14.8;0.6;2.2;5.7;0.9
07/01/2021 00:00;14.89;19.45;12.79;58;7;0.5;2;5;0.9
06/01/2021 00:00;12.47;15.23;10.24;35;17.4;0.2;1.7;4.9;0.7
05/01/2021 00:00;8.05;11.89;2.66;28;24.2;0.2;1.5;4.2;0.6
04/01/2021 00:00;4.36;12.39;-1.29;94;0;0;0.4;1.6;0.6
03/01/2021 00:00;5.91;13.19;1.46;94;0;0;0.4;1.4;0.7
02/01/2021 00:00;7.05;10.38;3.06;65;10.6;0.3;1.3;3.4;0.7
01/01/2021 00:00;6.46;10.65;1.54;43;10.4;0.4;1.9;4.1;0.7
31/12/2020 00:00;5.57;12.41;1.37;92;0;0.1;0.9;2.5;0.7
30/12/2020 00:00;8.42;14.29;2.95;71;1;0;0.6;1.5;0.7
29/12/2020 00:00;8.86;10.39;7.83;26;5;0.4;1.4;3.8;0.6
28/12/2020 00:00;9.85;14.04;4.96;92;0;0.4;1.5;3.4;0.8
27/12/2020 00:00;10.29;18.64;5.02;92;0;0.1;1;2.5;0.8
26/12/2020 00:00;11.13;16.35;6.26;89;0;0.2;0.8;2.2;0.8
25/12/2020 00:00;10.29;18.95;5.23;83;0;0;0.5;1.1;0.7
24/12/2020 00:00;10.51;18.21;5.56;88;0;0;0.5;1.4;0.8
23/12/2020 00:00;12.87;23.65;6.84;89;0;0;0.5;1.8;0.7
22/12/2020 00:00;12.71;22.12;7.16;87;0;0;0.6;1.7;0.8
21/12/2020 00:00;11.77;16.97;7.13;87;0.2;0.1;1;3.2;0.8
20/12/2020 00:00;12.41;16.47;9.67;56;0;0;0.9;2.1;0.7
19/12/2020 00:00;9.94;15.99;5.1;81;0;0;0.5;1.6;0.7
18/12/2020 00:00;9.55;16.75;4.73;88;0.2;0;0.6;2;0.7
17/12/2020 00:00;10.23;16.19;6.29;81;0;0.1;0.6;2;0.7
16/12/2020 00:00;12.25;17.71;8.73;64;4.8;0.2;1.1;3.3;0.8
15/12/2020 00:00;13.47;18.74;9.96;81;0;0;0.4;1.8;0.8
14/12/2020 00:00;14.88;20.12;12.29;78;0.2;0.2;1.5;5.1;0.9
13/12/2020 00:00;13.79;19.26;10.42;83;0.2;0;0.5;1.8;0.8
12/12/2020 00:00;14.44;19.18;11.21;99;0.2;0.1;0.6;1.7;0.9
11/12/2020 00:00;14.45;17.19;12.36;40;0.2;0.3;1.4;4.3;0.7
10/12/2020 00:00;11.97;16.98;7.28;83;0.2;0.3;1.3;4.1;0.8
09/12/2020 00:00;11.23;13.76;8.52;43;5.8;0.2;1.3;3.6;0.6
08/12/2020 00:00;12.33;16.17;10.46;63;6.2;0.6;1.8;4.3;0.8
07/12/2020 00:00;10.94;15.51;6.02;81;0;0.5;2;3.6;0.9
06/12/2020 00:00;8.2;13.02;4.82;72;3.6;0.3;2;4.6;0.7
05/12/2020 00:00;7.1;9.86;5;42;30;0.5;2.1;4.9;0.6
04/12/2020 00:00;12.38;17.05;8.2;49;20.8;1;2.5;6.6;1
03/12/2020 00:00;12.49;21;7.43;95;0;0.1;1.1;3.1;0.9
02/12/2020 00:00;13.93;23.63;9.05;97;0;0;0.6;2;0.8
01/12/2020 00:00;13.8;22.99;7.91;96;0;0;0.5;1.1;0.8
30/11/2020 00:00;12.97;20.46;7.54;96;0;0;0.3;1.7;0.8
29/11/2020 00:00;13.92;20.25;9.63;101;0;0.1;0.9;2;0.9
28/11/2020 00:00;11.27;16.28;8.44;73;3.8;0.6;1.7;5.2;1
27/11/2020 00:00;9.3;13.69;5.89;74;0;0.3;1.6;3.3;0.8
26/11/2020 00:00;9.53;12.35;7.09;34;26;0.9;2.5;8.1;0.8
25/11/2020 00:00;14.38;22.53;7.5;104;0.2;0.3;1.9;6.1;1.1
24/11/2020 00:00;15.19;24.54;8.7;106;0;0.1;1;2.3;0.9
23/11/2020 00:00;15.02;24.79;8.39;102;0;0;0.5;1.4;0.8
22/11/2020 00:00;15.25;23.38;9.81;106;0;0.3;1.1;2.8;1.2
21/11/2020 00:00;16.41;25.04;9.59;106;0;0.1;1;2.2;1.1
20/11/2020 00:00;17.11;26.94;10.89;106;0;0.2;1;2.4;1.2
19/11/2020 00:00;17.55;23.44;13.38;108;0;0.6;1.3;3.4;1.6
18/11/2020 00:00;18.55;26.42;11.13;112;0;0.3;1.4;3.5;1.3
17/11/2020 00:00;19.64;30.18;13.21;112;0;0;0.3;2;1
16/11/2020 00:00;20.95;30.19;14.68;113;0;0.1;0.9;3;1.2
15/11/2020 00:00;20.67;31.21;14.59;109;0;0;0.9;2;1.2
14/11/2020 00:00;18.61;25.78;13.87;111;0.2;0.1;0.8;2.1;1.3
13/11/2020 00:00;18.13;25.7;14.64;74;1.4;0.1;0.9;2.1;1
12/11/2020 00:00;17.8;27.76;12;91;0;0;0.3;1.3;1
11/11/2020 00:00;16.59;26.79;10.87;128;0;0;0.5;1.8;1.2
10/11/2020 00:00;15.87;21.92;11.31;120;0;0;0.5;1.4;1.3
09/11/2020 00:00;14.9;21.74;10.06;120;0;0;0.6;1.6;1.3
08/11/2020 00:00;17.03;25.96;10.99;126;0;0;0.5;2;1.3
07/11/2020 00:00;16.79;22.8;12.02;132;0;0.2;1.3;3.1;1.4
06/11/2020 00:00;17.24;28.24;11.02;131;0.4;0.1;0.7;2.6;1.4
05/11/2020 00:00;16.62;25.07;12.52;113;0.6;0.2;1.4;2.7;1.4
04/11/2020 00:00;15.27;23.43;12.17;87;20.4;0.2;1.5;6.2;1.2
03/11/2020 00:00;16.79;25.62;9.83;135;0;0;0.7;3;1.4
02/11/2020 00:00;18.12;28.28;10.42;138;0;0;0.4;1;1.3
01/11/2020 00:00;17.63;26.77;10.35;136;0;0;0.4;1.4;1.4
31/10/2020 00:00;19;28.63;12.51;139;0;0;0.6;1.6;1.4
30/10/2020 00:00;19.9;29.43;13.28;108;0;0;0.5;1.9;1.3
29/10/2020 00:00;17.39;28.19;9.81;147;0;0;0.5;1.9;1.5
28/10/2020 00:00;14.08;22.48;7.58;147;0;0;0.4;1.3;1.4
27/10/2020 00:00;13.87;20.01;9.22;146;0;0;0.5;1.7;1.5
26/10/2020 00:00;12.63;17.07;9.47;47;2.2;0.1;0.9;2.2;0.9
25/10/2020 00:00;15.17;23.05;9.07;153;0;0.1;0.6;1.7;1.6
24/10/2020 00:00;15.61;23.65;9.33;155;0.2;0.1;0.5;1.9;1.6
23/10/2020 00:00;15.83;20.76;13.01;98;0;0;0.5;1.4;1.3
22/10/2020 00:00;15.78;16.87;13.79;42;16;0.1;0.6;1.8;0.9
21/10/2020 00:00;18.67;22.03;16.08;67;7.2;0.1;0.7;2.4;1.2
20/10/2020 00:00;23.35;33.81;13.99;136;0;0.3;1.3;4.1;2.1
19/10/2020 00:00;21.8;31.29;14.96;159;0;0.1;0.7;2.7;1.8
18/10/2020 00:00;19.56;31.66;9.33;171;0;0.1;0.7;1.6;1.8
17/10/2020 00:00;15.94;23.92;9.13;173;0;0.1;0.5;2.1;1.9
16/10/2020 00:00;16.2;22.56;10.53;167;0;0.1;0.7;2.1;1.9
15/10/2020 00:00;17.07;23.27;12.71;177;0;0.2;0.8;3.1;2
14/10/2020 00:00;16.64;24.6;9.48;189;0.2;0.3;1.3;3.1;2.2
13/10/2020 00:00;19.31;29.42;12.14;193;0;0.1;0.8;2.3;2.1
12/10/2020 00:00;21.01;30.67;13.65;195;0;0.1;0.5;1.9;2.3
11/10/2020 00:00;22.1;30.35;15.33;191;0;0.1;0.7;2.1;2.3
10/10/2020 00:00;22.92;31.97;15.72;189;0;0.1;0.6;1.7;2.3
09/10/2020 00:00;22.88;32.13;15.92;191;0;0.1;0.6;2.1;2.3
08/10/2020 00:00;23.23;32.94;14.53;195;0;0.1;0.7;2;2.3
07/10/2020 00:00;21.53;31.88;11.94;206;0;0;0.6;1.5;2.3
06/10/2020 00:00;18.37;27.22;10.15;211;0;0.1;0.8;3;2.4
05/10/2020 00:00;16.9;25.37;10.51;208;0;0.2;0.7;2;2.5
04/10/2020 00:00;15.87;24.71;8.78;218;0;0.1;0.7;1.8;2.4
03/10/2020 00:00;15.29;18.71;12.38;74;5.4;0.1;0.9;2.7;1.2
02/10/2020 00:00;18.5;23.26;13.95;137;1.8;0.4;1.2;3;2
01/10/2020 00:00;20.06;28.43;13.95;211;0;0.2;0.7;2.4;2.7
30/09/2020 00:00;22.79;31.63;16.46;214;0;0.1;0.7;2.3;2.8
29/09/2020 00:00;24;33.67;16.32;217;0;0.1;0.6;2.1;2.9
28/09/2020 00:00;21.04;31.24;12.68;230;0;0.1;0.8;2.9;3
27/09/2020 00:00;19.08;27.26;10.69;232;0;0.1;0.7;2;2.8
26/09/2020 00:00;20.12;27.79;13.52;236;0;0.2;0.7;2.5;2.9
25/09/2020 00:00;24.45;32.17;18.3;224;0;0.2;0.8;2.9;3.1
24/09/2020 00:00;26.81;37.07;19.15;217;0;0.1;0.9;2.4;2.9
23/09/2020 00:00;23.07;34.91;17.29;177;15;0.1;0.7;2.3;2.6
22/09/2020 00:00;21.63;31.95;15.85;218;12.6;0.1;0.6;1.7;3
21/09/2020 00:00;21.4;30.37;13.9;240;2.2;0.1;0.6;1.6;3.1
20/09/2020 00:00;21.17;29.79;14.06;243;0;0.2;0.8;2.4;3.3
19/09/2020 00:00;21.78;29.45;16.53;242;4;0.1;0.7;2.6;3.4
18/09/2020 00:00;22.33;29.2;18.68;190;0.4;0.2;1.2;3.9;2.9
17/09/2020 00:00;25.15;31.93;19.15;123;13;0.3;1.3;3.2;2.3
16/09/2020 00:00;25.01;33.64;17.08;153;0;0.1;0.8;2.4;2.5
15/09/2020 00:00;22.51;30.62;17.15;225;5.6;0.1;0.6;1.6;3.3
14/09/2020 00:00;24;30.39;19.21;162;0;0.1;0.7;1.7;2.7
13/09/2020 00:00;25.14;32.79;18.62;228;0;0.1;0.7;2.1;3.5
12/09/2020 00:00;24.48;31.77;18.47;225;0;0.1;0.8;1.9;3.4
11/09/2020 00:00;25.52;34.9;17.31;250;0;0.1;0.6;2.6;3.6
10/09/2020 00:00;24.66;35.11;15.88;265;9.4;0.2;0.7;2.1;3.8
09/09/2020 00:00;25.92;34.67;18.86;261;0;0.2;0.7;3;3.6
08/09/2020 00:00;26.55;36.06;17.77;267;0;0.2;0.8;2.5;3.8
07/09/2020 00:00;27.95;35.95;21.23;259;0;0.2;0.9;3.6;4
06/09/2020 00:00;28.36;35.76;22.79;243;0;0.2;0.8;2.6;3.9
05/09/2020 00:00;29.96;38.96;22.95;259;0;0.2;0.8;3.3;4.1
04/09/2020 00:00;29.68;38.55;22.36;262;0;0.3;0.9;2.7;4.1
03/09/2020 00:00;27.95;35.69;20.57;274;0;0.6;1.4;6.3;4.7
02/09/2020 00:00;23.97;32.41;16.27;279;0;0.1;0.8;2.1;3.9
01/09/2020 00:00;25.66;34.95;18.95;272;0;0.3;1.4;3.8;4.1
31/08/2020 00:00;26.97;37.13;18.06;267;0;0.2;0.9;3.4;4.1
30/08/2020 00:00;21.88;30.64;13.44;262;0;0.2;0.7;2.6;3.6
29/08/2020 00:00;21.48;29.52;16.53;255;0;0.3;1;3.3;3.9
28/08/2020 00:00;25.22;34.23;18.14;288;0.4;0.2;0.8;2.3;4.3
27/08/2020 00:00;31.75;41.87;23.19;268;0;0.2;1.1;3;4
26/08/2020 00:00;33.18;42.87;23.61;274;0;0.1;0.7;2.4;4.1
25/08/2020 00:00;30.68;40.06;21.6;274;0;0.1;0.8;2.8;4.2
24/08/2020 00:00;28.18;37.87;19.13;275;0;0.1;0.6;2.5;4
23/08/2020 00:00;28.05;37.2;20.3;274;0;0.1;0.6;1.9;4.3
22/08/2020 00:00;27.47;35.97;19.95;272;0;0.1;0.6;1.8;4.2
21/08/2020 00:00;27.44;36.74;18.82;272;0;0.2;0.9;2.3;4.3
20/08/2020 00:00;26.22;36.53;18.8;270;0;0.2;0.7;2.6;4.4
19/08/2020 00:00;26.13;35.23;17.75;279;0;0.2;0.8;2;4.4
18/08/2020 00:00;24.11;33.26;15.84;287;0;0.2;0.7;4;4.4
17/08/2020 00:00;22.87;31.46;14.54;303;0;0.2;0.9;1.9;4.4
16/08/2020 00:00;21.7;30.61;15.53;296;0;0.2;0.7;2.5;4.4
15/08/2020 00:00;22.49;31.78;16.18;298;0;0.2;0.8;2.1;4.5
14/08/2020 00:00;23.55;32.75;16.69;284;0;0.2;0.8;2.9;4.5
13/08/2020 00:00;22.95;32.72;17.09;273;1.2;0.2;0.8;2.3;4.3
12/08/2020 00:00;22.4;30.13;18.36;234;0;0.2;0.9;2.3;3.7
11/08/2020 00:00;23.28;30.36;18.95;187;0.2;0.2;0.8;2.4;3.2
10/08/2020 00:00;26.31;31.34;21.7;199;0.8;0.2;1.2;3;3.6
09/08/2020 00:00;28.77;39.41;21.06;279;0;0.1;0.6;1.9;4.7
08/08/2020 00:00;27.19;36.37;20.87;267;0;0.1;0.7;1.9;4.6
07/08/2020 00:00;25.54;33.63;20.04;243;0;0.1;0.8;2.4;4.1
06/08/2020 00:00;26.84;36.19;20.68;231;0;0.1;0.7;2.1;4
05/08/2020 00:00;27.24;36.96;18.72;295;2.2;0.1;0.6;2.2;4.8
04/08/2020 00:00;25.03;34.59;17.12;307;3.8;0.2;0.7;2.1;4.7
03/08/2020 00:00;26.48;35.64;19.41;321;2.2;0.3;1;2.9;5
02/08/2020 00:00;30.74;38.26;23.7;278;0;0.2;1;3;4.7
01/08/2020 00:00;31.78;39.31;26.43;256;2;0.2;1.8;5.7;4.6
31/07/2020 00:00;31.6;39.2;22.81;290;0;0.2;1;2.7;4.9
30/07/2020 00:00;28.98;39.14;19.89;300;0;0.1;0.7;1.7;5
29/07/2020 00:00;26.84;36.34;19.78;291;0;0.1;0.6;2.6;4.9
28/07/2020 00:00;26.86;35.98;19.86;296;0;0.2;0.7;3.2;5
27/07/2020 00:00;29.06;37.97;22.86;271;0;0.1;0.6;2;4.6
26/07/2020 00:00;28.58;39.1;20.92;301;1.6;0.1;1.2;3;5.1
25/07/2020 00:00;27.3;36.69;20.05;303;23.6;0.2;0.8;2.8;5
24/07/2020 00:00;27.38;36.48;18.65;310;0;0.2;0.9;4.1;5.1
23/07/2020 00:00;26.94;36.88;18.23;313;4;0.2;0.7;2.3;5
22/07/2020 00:00;26.03;36.23;20.13;303;8.2;0.2;0.7;2.4;5
21/07/2020 00:00;25.69;34.56;19.9;271;0;0.2;0.7;2.7;4.6
20/07/2020 00:00;31.52;41.36;24.08;307;0.2;0.2;1.3;3.3;5.3
19/07/2020 00:00;29.71;38.96;20.06;302;0;0.2;0.7;2.5;4.8
18/07/2020 00:00;28.87;37.13;21.99;311;0;0.2;0.8;2.5;5.1
17/07/2020 00:00;32.65;41.28;26.03;297;0;0.2;1.1;3.1;5.2
16/07/2020 00:00;33.63;43.48;25.78;301;0;0.2;0.9;2.2;5.1
15/07/2020 00:00;30.28;40.24;21.76;294;0;0.1;0.7;1.8;4.8
14/07/2020 00:00;27.97;36.61;20.07;308;0;0.2;0.8;2.3;4.9
13/07/2020 00:00;28.01;38.03;20.05;308;0;0.2;0.7;2;5.1
12/07/2020 00:00;29.9;36.47;22.95;251;0;0.2;1.1;2.8;4.4
11/07/2020 00:00;30.42;41.67;20.38;290;0;0.2;1.1;2.4;5
10/07/2020 00:00;25.86;35.75;16.15;314;0;0.2;0.8;2;4.9
09/07/2020 00:00;23.97;33.63;17.39;310;0.4;0.2;0.8;2.9;5
08/07/2020 00:00;29.65;37.84;21.47;293;1.2;0.2;1.2;3.7;5
07/07/2020 00:00;33.69;44.36;22.16;311;0;0.1;0.6;1.9;4.4
06/07/2020 00:00;32.18;42.05;22.21;309;0;0.1;0.8;2.6;4.8
05/07/2020 00:00;30.68;42.53;19.39;307;0;0.1;0.8;2.1;4.9
04/07/2020 00:00;26.04;36.15;16.8;302;0.2;0.1;0.6;1.4;4.7
03/07/2020 00:00;25.07;33.84;17.57;305;0;0.2;0.8;2.3;4.8
02/07/2020 00:00;25.47;34.34;18.42;292;4;0.2;0.8;2.1;4.8
01/07/2020 00:00;27.26;38.27;18.48;298;3;0.1;0.6;1.7;5
30/06/2020 00:00;25.45;35.3;19.93;286;17.4;0.1;0.8;1.9;4.8
29/06/2020 00:00;26.91;36.28;18.39;302;0.2;0.1;0.6;1.7;5
28/06/2020 00:00;24.17;33.32;15.77;309;0;0.2;0.7;4;4.9
27/06/2020 00:00;22.27;31.74;16.1;307;11.6;0.2;0.9;2.4;4.8
26/06/2020 00:00;21.5;29.69;17.3;226;0;0.2;0.8;2.7;3.7
25/06/2020 00:00;22.42;31.45;17.73;247;0.4;0.2;0.7;2.4;4.1
24/06/2020 00:00;24.8;33.41;18.19;312;0;0.2;0.7;2.4;5.1
23/06/2020 00:00;26.8;34.77;20.38;305;1.8;0.2;0.9;2.5;5.1
22/06/2020 00:00;29.41;41.78;18.99;312;0;0.2;1.1;3.1;5.1
21/06/2020 00:00;25.4;35.12;15.12;315;0;0.2;0.8;2.4;5
20/06/2020 00:00;22.98;32.25;14.2;315;0;0.2;0.8;4.5;4.8
19/06/2020 00:00;20.48;29.33;14.9;281;0;0.2;0.7;2.7;4.3
18/06/2020 00:00;19.52;26.34;14.47;167;1.2;0.1;0.8;3.4;2.8
17/06/2020 00:00;20.82;29.92;13.88;272;0;0.1;0.8;2.5;4.1
16/06/2020 00:00;20.04;27.74;14.37;259;0;0.2;0.7;2.1;3.9
15/06/2020 00:00;21.37;30.54;12.58;325;0;0.2;0.8;2.6;4.8
14/06/2020 00:00;20.16;28.03;12.74;317;0;0.2;0.9;2.3;4.6
13/06/2020 00:00;20.6;28.03;15.8;302;0;0.2;0.9;3.4;4.6
12/06/2020 00:00;19.33;26.56;13.78;299;0.2;0.5;1.7;6.1;4.6
11/06/2020 00:00;17.84;23.65;13.76;163;8.2;0.3;1.3;4;2.7
10/06/2020 00:00;19.16;28.71;11.68;320;5.8;0.2;0.8;3.2;4.6
09/06/2020 00:00;18.78;26.83;13.3;254;0;0.1;0.7;2.5;3.8
08/06/2020 00:00;18.67;23.67;15.42;168;0;0.3;1.1;2.5;2.7
07/06/2020 00:00;21.18;27.22;16.96;257;0;0.5;1.7;5.7;4.2
06/06/2020 00:00;23.34;31.4;17.75;220;2;0.2;1.2;3.5;3.8
05/06/2020 00:00;22.07;30.12;14.94;324;0;0.2;0.9;3.1;4.9
04/06/2020 00:00;21.2;29.75;15.42;308;1.4;0.4;1.5;4;4.8
03/06/2020 00:00;22.07;31.93;15.06;314;5;0.2;1;2.7;4.8
02/06/2020 00:00;22.39;32.79;14.58;320;0;0.2;0.9;2.1;5
01/06/2020 00:00;22.28;30.72;15.62;317;0;0.2;0.7;2.2;4.9
31/05/2020 00:00;23.09;31.45;17.21;298;0;0.2;1.1;3.4;4.8
30/05/2020 00:00;24.79;34.03;19.03;283;1;0.2;0.8;4.2;4.7
29/05/2020 00:00;24.56;33.83;17.85;296;0;0.2;0.7;2.5;4.7
28/05/2020 00:00;26.23;33.85;18.34;269;0;0.1;0.7;2;4.4
27/05/2020 00:00;28.08;36.76;20.37;306;0;0.1;0.8;2.3;4.7
26/05/2020 00:00;27.79;37.21;19.89;313;1;0.1;0.7;3.4;4.9
25/05/2020 00:00;29.01;38.23;19.26;324;0;0.2;0.9;2.2;4.9
24/05/2020 00:00;28.99;36.93;21.49;335;0;0.5;1.4;3.9;5.5
23/05/2020 00:00;27.6;37.05;17.25;323;3.2;0.2;1.1;3;5
22/05/2020 00:00;25.44;35.69;15.43;317;10.2;0.1;0.8;2.7;4.8
21/05/2020 00:00;24.41;34.71;13.8;332;0;0.2;0.7;2.6;4.9
20/05/2020 00:00;24.29;32.67;15.88;303;0.2;0.1;0.9;1.9;4.5
19/05/2020 00:00;23.99;33.62;13.57;333;0;0.2;1.2;3.9;4.8
18/05/2020 00:00;20.44;30.25;10.83;334;0;0.1;0.9;2.2;4.6
17/05/2020 00:00;16.96;26.04;8.77;321;0;0.1;0.6;2.1;4.2
16/05/2020 00:00;14.23;23.02;9.65;172;1.6;0.1;0.7;1.9;2.5
15/05/2020 00:00;12.81;19.59;9.47;158;9.4;0.6;2.2;4.9;2.4
14/05/2020 00:00;12.33;18.43;9.69;137;10.8;0.9;2.6;6.4;2.3
13/05/2020 00:00;15.52;23.28;11.05;203;2.4;0.6;2.3;6.8;3.1
12/05/2020 00:00;15.82;22.36;10.49;194;9.4;0.5;1.9;4.6;3
11/05/2020 00:00;18.32;27.3;10;331;0;0.3;1;2.8;4.5
10/05/2020 00:00;17.27;23.87;12.86;252;2.4;0.6;2.1;6.2;3.8
09/05/2020 00:00;17.73;25.88;13.33;214;0;0.2;1;3.3;3.3
08/05/2020 00:00;19.03;27.8;13.34;281;0;0.2;0.7;2.4;4.1
07/05/2020 00:00;21.51;31.14;14.4;290;0;0.2;1;2.5;4.3
06/05/2020 00:00;20.39;29.67;11.72;290;0;0.1;0.8;2;4.1
05/05/2020 00:00;19.82;27.61;14.92;297;0;0.2;0.8;2.3;4.4
04/05/2020 00:00;22.85;28.73;16.38;307;23;0.2;0.7;2.8;4.5
03/05/2020 00:00;28.49;40.01;17.28;306;0;0;1.1;2.7;4.5
02/05/2020 00:00;23.08;33.95;12.33;325;0;0;0.4;1.7;4.5
01/05/2020 00:00;19.46;28.53;10.23;319;0;0.1;0.7;2.4;4.3
30/04/2020 00:00;17.17;26.12;8.53;322;0;0.1;0.7;1.9;4.1
29/04/2020 00:00;17.08;25.01;11.8;276;0;0.1;0.7;2.3;3.8
28/04/2020 00:00;16.57;24.58;11.64;219;0;0.2;1;3.5;3.1
27/04/2020 00:00;16.69;23.63;10.22;289;0;0.2;1.4;4.7;3.8
26/04/2020 00:00;15.36;22;11.52;237;0;0.1;1.3;3.2;3.2
25/04/2020 00:00;13.17;15.49;11.7;75;2.4;0.6;2;4.1;1.3
24/04/2020 00:00;17.37;29.37;11.92;172;36.6;0.2;1.4;4.5;2.7
23/04/2020 00:00;17.8;26.72;10.09;224;0;0;1.4;2.8;3.1
22/04/2020 00:00;15.17;22.87;7.35;310;0;0;0.8;1.7;3.8
21/04/2020 00:00;12.44;17.62;9.24;144;9.2;1;2.9;7;2.4
20/04/2020 00:00;15.17;22.59;8.9;234;0.4;0.6;1.8;4.1;3.3
19/04/2020 00:00;14.42;20.64;11.7;164;21.4;0.5;1.7;5.5;2.5
18/04/2020 00:00;16.75;24.78;10.63;199;4.8;0.2;1;2.7;2.9
17/04/2020 00:00;17.31;24.98;10.35;272;0;0;0.8;1.6;3.5
16/04/2020 00:00;17.93;27.49;9.24;284;0;0;0.1;2.3;3.6
15/04/2020 00:00;17.44;25.25;12.19;245;0;0;0.1;1.1;3.3
14/04/2020 00:00;15.88;24.4;10.74;197;0;0;0.1;0.7;2.7
13/04/2020 00:00;13.75;17.91;10.74;95;4.2;0.2;1.3;3;1.6
12/04/2020 00:00;14.7;16.27;13.35;30;3.4;0;0.5;2.1;0.8
11/04/2020 00:00;18.44;27.09;12.42;232;0;0.1;0.7;2.5;3.3
10/04/2020 00:00;17.7;25.73;13.98;191;0;0.1;0.6;1.8;2.8
09/04/2020 00:00;18.77;27.02;14.2;183;1.2;0.1;1.1;2.6;2.7
08/04/2020 00:00;19.97;29.22;13.56;212;0;0.1;0.6;2;3.1
07/04/2020 00:00;19.37;28.27;12.26;266;0;0.1;0.7;1.8;3.6
06/04/2020 00:00;18.16;26.22;12.12;216;0;0.1;0.6;1.8;3
05/04/2020 00:00;17.66;26.72;10.35;234;0;0.1;0.7;1.9;3.1
04/04/2020 00:00;17.63;26.73;9.2;173;0;0.1;0.6;2.1;2.4
03/04/2020 00:00;13.1;22.03;3.63;276;0.2;0.3;1.3;3.5;3.2
02/04/2020 00:00;11.02;15.71;7.37;129;0.4;0.6;2.3;5.8;1.8
01/04/2020 00:00;12.78;19.45;10.58;132;2.6;0.4;1.8;3.8;2
31/03/2020 00:00;13.62;20.02;10.1;126;7.6;0.6;2.5;6.1;1.9
30/03/2020 00:00;14.6;23.63;6.03;270;0.2;0.2;1.2;3.9;3.2
29/03/2020 00:00;13.11;20;7.36;161;0.2;0.1;0.6;1.8;2.1
28/03/2020 00:00;13.16;19.18;9.01;173;0.2;0.1;0.8;2.4;2.2
27/03/2020 00:00;11.81;18.72;6.31;135;10.8;0.1;1;2.5;1.8
26/03/2020 00:00;13.81;22.5;6.7;248;0.2;0.1;1.5;4.4;2.9
25/03/2020 00:00;13.53;20.62;8.77;174;0;0.1;0.8;1.8;2.2
24/03/2020 00:00;11.4;14.47;8.62;64;0.4;0.1;1.2;2.7;1.1
23/03/2020 00:00;13;19.64;6.6;163;0;0.1;0.8;2.1;2
22/03/2020 00:00;11.76;18.15;7.21;153;0;0.4;1.5;4.5;2
21/03/2020 00:00;11.97;17.77;9.04;174;4.8;0.7;2.4;6.1;2.3
20/03/2020 00:00;12.87;18.98;11.24;52;19.2;0.3;1.8;5.2;1.1
19/03/2020 00:00;15.75;21.32;13.02;98;1;0.6;1.8;5.1;1.9
18/03/2020 00:00;13.08;22.54;5.76;146;0.8;0.3;2.1;5.1;2.1
17/03/2020 00:00;10.76;16.94;4.71;145;2.2;0.1;0.9;1.8;1.7
16/03/2020 00:00;11.37;13.08;8.1;48;1.2;0.3;1.3;3.5;1
15/03/2020 00:00;16.18;23.63;11.86;187;0;0.1;0.6;3.4;2.4
14/03/2020 00:00;15.92;23.52;10.5;197;0.4;0.1;0.6;2;2.5
13/03/2020 00:00;17.3;25.05;10.44;203;0;0.1;0.6;2.1;2.5
12/03/2020 00:00;19.71;29.31;11.63;245;0;0.1;0.7;2.7;2.6
11/03/2020 00:00;20.27;31.96;12.12;197;0;0.1;0.6;3.2;2.4
10/03/2020 00:00;16.74;27;6.15;232;0.2;0.3;1.6;4.1;2.7
09/03/2020 00:00;14.41;25.21;5.29;232;1;0.1;0.7;1.8;2.4
08/03/2020 00:00;14.87;26.31;5.14;231;0;0.1;0.8;2.5;2.3
07/03/2020 00:00;12.89;21.7;5.12;221;0.2;0;0.5;1.4;2.2
06/03/2020 00:00;12.22;19.42;6.96;193;3.6;0.1;0.6;1.8;2
05/03/2020 00:00;11.45;15.66;6.44;67;0.8;0.2;0.9;2.8;1.1
04/03/2020 00:00;15.85;26.87;7.75;214;0;0.1;0.5;1.2;2.3
03/03/2020 00:00;15.98;24.4;9.55;199;0;0.1;1;2.3;2.2
02/03/2020 00:00;14.58;20.78;10.19;162;0;0.4;1.8;5.2;2
01/03/2020 00:00;15.3;22.53;9.76;181;0;0.1;0.8;2.2;2.1
29/02/2020 00:00;14.87;21.76;8.82;193;0;0.1;0.8;2.2;2.1
28/02/2020 00:00;17.33;28.88;7.63;200;0;0.1;1.4;3.6;2.1
27/02/2020 00:00;13.24;23.79;4.13;194;0;0;0.4;1.4;1.9
26/02/2020 00:00;13.19;21.11;8.84;191;0;0.1;0.7;1.9;2
25/02/2020 00:00;13.03;21.12;6.17;191;0;0.2;1.2;2.8;2
24/02/2020 00:00;17.32;27.45;9.51;189;0;0.2;1.3;3.6;2
23/02/2020 00:00;17.58;28.56;7.42;187;0;0;0.5;2;1.7
22/02/2020 00:00;16.04;23.91;10.01;183;0;0.5;1.2;4.3;2.3
21/02/2020 00:00;15.7;24.14;8.46;178;0;0.4;1.3;3.1;2.1
20/02/2020 00:00;15.44;25.85;11.37;121;5.6;0.2;2.8;7.2;1.7
19/02/2020 00:00;15.06;21.42;11.28;168;0;0.3;1.4;4.7;1.9
18/02/2020 00:00;12.58;19.94;8.55;162;0;0;0.2;1;1.7
17/02/2020 00:00;12.85;22.26;6.2;165;0;0;0.2;1.3;1.6
16/02/2020 00:00;15.29;26.94;8.37;163;0;0;0.3;1.1;1.6
15/02/2020 00:00;14.25;23.89;7.62;152;0;0;0.2;0.9;1.5
14/02/2020 00:00;14.06;24.03;6.38;156;0;0;0.2;0.8;1.5
13/02/2020 00:00;13.64;21.61;8.72;153;0;0;0.2;1.5;1.5
12/02/2020 00:00;14.07;23.08;8.2;156;0;0;0.3;1.4;1.5
11/02/2020 00:00;14.76;24.48;7.54;154;0;0.1;0.7;1.8;1.5
10/02/2020 00:00;12.85;22.7;5.34;148;0;0;0;0.5;1.4
09/02/2020 00:00;12.45;21.62;5.68;146;0;0;0.3;0.8;1.3
08/02/2020 00:00;12.89;19.86;7.67;133;0;0;0.3;1;1.3
07/02/2020 00:00;13.18;19.95;7.41;120;0;0;0.5;1.6;1.2
06/02/2020 00:00;15.78;27.46;8.19;142;0;0;0.2;1.1;1.3
05/02/2020 00:00;16.09;27.16;9.24;141;0;0;0.4;1;1.3
04/02/2020 00:00;15.21;25.72;7.61;138;0;0;0.1;1.1;1.3
03/02/2020 00:00;16.23;27.22;10.23;136;0;0;0.1;0.9;1.2
02/02/2020 00:00;15.12;24.29;9.01;135;0;0;0.1;1.2;1.2
01/02/2020 00:00;14.1;24.56;6.48;129;0;0;0.1;0.7;1.1
31/01/2020 00:00;12.79;24.32;6.28;135;0;0;0.1;1;1.1
30/01/2020 00:00;12.87;23.42;6.78;129;0;0;0.3;1.2;1.1
29/01/2020 00:00;12.56;23.05;5.38;124;0;0;0.1;0.8;1
28/01/2020 00:00;10.65;21.36;4.09;124;0.2;0;0;0.6;1
27/01/2020 00:00;8.98;17.87;2.4;117;0;0;0.1;0.8;1
26/01/2020 00:00;9.7;17.98;5.27;107;0.2;0.1;0.8;2.4;1
25/01/2020 00:00;10.02;14.76;7.04;73;14;0.4;2.2;4.9;1
24/01/2020 00:00;11.03;17.56;6.56;123;0;0.2;1.7;4.7;1.1
23/01/2020 00:00;9.13;16.11;4.47;81;7.6;0;2.2;7.4;0.8
22/01/2020 00:00;9.04;14.34;4.96;95;0.4;0;0.1;1;0.8
21/01/2020 00:00;7.72;14.93;2.87;99;0.2;0;0.3;1;0.8
20/01/2020 00:00;7.7;11.11;6.03;48;0.2;0;0.1;0.7;0.7
19/01/2020 00:00;9.71;12.21;7.76;35;19;0;0.4;1.6;0.6
18/01/2020 00:00;11.36;22.47;3.47;106;0;0;0;0.3;0.8
17/01/2020 00:00;10.15;20.86;3.79;109;0;0;0;0.7;0.7
16/01/2020 00:00;9.37;19.24;3.22;101;0;0;0.1;1;0.7
15/01/2020 00:00;9.93;19.94;4.26;105;0;0;0;0;0.7
14/01/2020 00:00;9.45;17.86;3.5;105;0;0;0.1;0.5;0.8
13/01/2020 00:00;9.49;20.6;3.1;104;0;0;0;0.6;0.8
12/01/2020 00:00;9.33;16.34;3.75;102;0;0;0;0.9;0.8
11/01/2020 00:00;10.33;15.04;7.26;97;0;0;0.3;1.3;0.8
10/01/2020 00:00;10.76;16.09;6.62;109;0;0;0.2;1.4;0.9
09/01/2020 00:00;8.8;17.75;2.15;101;0;0;0;0;0.7
08/01/2020 00:00;8.81;20.34;2.35;99;0;0;0;0;0.7
07/01/2020 00:00;9.1;17.31;3.77;99;0;0;0;0.9;0.7
06/01/2020 00:00;8.74;17.54;3.93;84;0;0;0;0;0.7
05/01/2020 00:00;8.73;17.45;3.63;89;0.2;0;0;0;0.8
04/01/2020 00:00;8.78;16.63;3.96;90;0.2;0;0.6;1.9;0.8
03/01/2020 00:00;9.6;19.54;3.98;88;0;0;0.3;1.4;0.7
02/01/2020 00:00;10.02;19.32;5.04;91;0;0;0.6;2.3;0.7
01/01/2020 00:00;11.29;20.64;5.69;91;0;0;1.1;2.3;0.7
31/12/2019 00:00;11.68;21.46;6.47;92;0;0;0.4;1.1;0.7
30/12/2019 00:00;11.05;18.67;5.9;94;0;0;0.2;1.2;0.7
29/12/2019 00:00;13.27;24.01;7.54;93;0;0;0;1;0.7
28/12/2019 00:00;12.93;23.76;6.91;91;0;0;0;0.2;0.7
27/12/2019 00:00;13.41;22;6.46;87;0;0;0;1;0.7
26/12/2019 00:00;12.81;20.65;7.5;92;0;0;0.4;1.4;0.7
25/12/2019 00:00;14.22;27.32;7.63;79;0;0;0.2;1.1;0.8
24/12/2019 00:00;14.97;30.53;9.04;97;0;0;0.1;1.1;0.8
23/12/2019 00:00;15.1;22.65;9.3;92;0;0;0.4;1.5;0.8
22/12/2019 00:00;14.97;21.24;9.82;100;0;0.1;1;3.2;0.9
21/12/2019 00:00;14.82;18.39;10.09;70;0;0.4;1.4;3.9;0.9
20/12/2019 00:00;14.98;18.02;11.9;56;0;0.6;1.8;4.5;1
19/12/2019 00:00;11.63;19.83;6.36;84;0;0.1;1.5;3.5;0.8
18/12/2019 00:00;9.66;17.19;5.81;90;0;0.2;0.9;2.9;0.8
17/12/2019 00:00;7.26;8.79;4.94;27;30.4;0.8;3.2;7.3;0.6
16/12/2019 00:00;13.21;23.69;7.91;85;8;0.4;2.8;8.6;1.1
15/12/2019 00:00;13.26;21.58;7.72;91;0;0;0.5;1.8;0.8
14/12/2019 00:00;10.73;17.34;6.45;73;0.2;0;0.1;1;0.7
13/12/2019 00:00;11.3;18.7;5.63;75;0;0;0.1;0.4;0.7
12/12/2019 00:00;8.94;14.24;4.5;52;0;0;0.3;0.7;0.6
11/12/2019 00:00;10.44;18.36;5.98;90;0.2;0;0.3;1.5;0.8
10/12/2019 00:00;11.44;17.23;6.68;82;0;0;0;0.6;0.8
09/12/2019 00:00;10.54;17.51;5.31;89;0.2;0;0;0.5;0.8
08/12/2019 00:00;10.8;18.8;6.17;88;0.2;0;0.1;0.8;0.8
07/12/2019 00:00;10.91;17.86;6.18;84;0;0;0.2;1;0.8
06/12/2019 00:00;11.67;21.51;6.63;90;0.2;0;0.3;1.5;0.8
05/12/2019 00:00;10.98;16.16;7.84;98;0;0.1;1;2.7;0.9
04/12/2019 00:00;11.16;14.87;9.12;78;7.2;0.4;1.4;4.3;0.9
03/12/2019 00:00;9.64;11.32;8.32;33;13;0.3;1.2;3.4;0.6
02/12/2019 00:00;10.42;13.5;8.38;59;7.8;0.2;1.5;3.8;0.7
01/12/2019 00:00;12.34;17.11;8.87;59;8.2;0.3;1.5;5.7;0.8
30/11/2019 00:00;14.24;23.27;8.76;98;0;0;0.6;2.2;0.9
29/11/2019 00:00;13.35;24.09;6.81;97;0;0;0.3;0.9;0.9
28/11/2019 00:00;12.78;22.09;7.08;97;0.2;0;0.3;1.5;0.9
27/11/2019 00:00;12.28;20.9;6.82;89;0.2;0;0.4;1.9;0.9
26/11/2019 00:00;12.61;22.33;6.72;91;0;0;0.9;2.3;0.9
25/11/2019 00:00;11.61;20.05;6.26;99;0.2;0;0.2;0.8;0.9
24/11/2019 00:00;12.1;17.82;8.63;84;0.2;0;0.4;1.3;0.9
23/11/2019 00:00;14.04;16.64;11.05;58;17;0.7;2.1;5.1;0.9
22/11/2019 00:00;14.86;19.21;9.51;47;0.2;0.7;2.1;6.4;1
21/11/2019 00:00;12.87;17.56;9.74;70;0;0.1;1.2;4;0.9
20/11/2019 00:00;10.53;18.04;4.72;79;1;0.1;1.2;4.5;0.9
19/11/2019 00:00;8.64;15.49;3.1;114;0.2;0;0.3;1.3;0.9
18/11/2019 00:00;8.83;12.89;4.84;29;14.2;0.2;1.5;3.9;0.7
17/11/2019 00:00;7.64;17.09;1.63;115;0.2;0;0.3;1.2;0.8
16/11/2019 00:00;7.14;11.17;3.65;62;8.4;0.2;1.7;3.9;0.8
15/11/2019 00:00;8.79;10.75;6.61;46;15.4;0.4;1.9;5.8;0.7
14/11/2019 00:00;11.78;18.69;6.58;87;8.6;0.4;1.7;6.6;1.1
13/11/2019 00:00;12.96;20.06;7.96;121;0;0;0.6;1.9;1.1
12/11/2019 00:00;14.37;18.59;12.42;112;1.8;0.3;1.4;3;1.3
11/11/2019 00:00;12.18;13.71;10.57;22;6.6;0.3;1;3.2;0.7
10/11/2019 00:00;10.33;15.93;5.38;71;0.2;0.4;1.4;3.7;1
09/11/2019 00:00;10.4;18.28;5.06;124;0;0;0.6;1.7;1
08/11/2019 00:00;11.67;16.66;7.52;63;0.6;0;0.6;2;0.8
07/11/2019 00:00;13.53;21.37;7.44;132;0;0;0.6;2;1.3
06/11/2019 00:00;12.29;20.1;7.2;114;0.2;0.1;0.8;2.2;1.2
05/11/2019 00:00;13.55;16.35;9.01;36;5.4;0.2;1.3;3.4;0.8
04/11/2019 00:00;17.01;21.79;13.77;89;0;0;0.6;1.6;1.2
03/11/2019 00:00;17.82;21.8;15.92;69;7.6;0.4;1.7;4.5;1.2
02/11/2019 00:00;18.77;26.98;13.5;120;0;0.3;1.5;4.3;1.6
01/11/2019 00:00;19.82;26.86;16.31;132;0;0;0.1;1;1.6
31/10/2019 00:00;17.51;24.33;11.65;128;0;0;0.1;0.7;1.5
30/10/2019 00:00;18.74;25.58;13.65;144;0;0;0.2;0.7;1.6
29/10/2019 00:00;19.03;26.69;13.74;141;0;0;0.2;1.1;1.7
28/10/2019 00:00;18.97;26.4;14.11;106;0.2;0;0.2;1.5;1.4
27/10/2019 00:00;19.69;29.7;12.64;150;0;0;0.6;1.7;1.5
26/10/2019 00:00;22.46;32.27;15.82;154;0;0;0.4;2.3;1.5
25/10/2019 00:00;18.54;30.43;9.69;164;0;0;0.4;2;1.5
24/10/2019 00:00;14.08;22.33;8.1;163;0;0;0.5;1.6;1.6
23/10/2019 00:00;12.26;17.04;9.13;105;6.6;0.4;1.4;3.7;1.4
22/10/2019 00:00;10.97;16.43;8.83;76;14.6;0.3;1.9;6.8;1.1
21/10/2019 00:00;14.77;18.75;12.03;91;1;0;0;0.6;1.2
20/10/2019 00:00;14.32;17.16;12.41;50;10.4;0.1;0.9;2.3;0.9
19/10/2019 00:00;17.56;26.4;10.46;159;0;0.1;1;2.1;1.8
18/10/2019 00:00;17.13;26.65;9.86;170;2.8;0;0.4;1.5;1.9
17/10/2019 00:00;16.65;25.45;9.47;175;0;0;0.5;1.6;1.9
16/10/2019 00:00;16.79;25.44;9.13;176;0;0.1;0.5;1.7;1.9
15/10/2019 00:00;18.25;25.56;13.77;164;0;0.1;0.6;1.9;2
14/10/2019 00:00;20.75;27.54;16.23;177;0.2;0.3;1.3;3.8;2.4
13/10/2019 00:00;25;35.64;16.87;175;0;0.1;0.8;1.9;2.2
12/10/2019 00:00;22.68;31.45;16.3;174;0;0;0.6;1.7;2.2
11/10/2019 00:00;22.93;31.82;16.21;119;0;0;0.5;1.6;1.7
10/10/2019 00:00;22.59;31;14.9;137;0;0;0.1;0.7;1.8
09/10/2019 00:00;22.98;32.8;14.15;176;0;0;0.1;1;2.1
08/10/2019 00:00;23.42;34.85;13.43;198;0;0;0;1;2.1
07/10/2019 00:00;22.18;32.95;13.89;207;0;0;0;0.7;2.3
06/10/2019 00:00;21.25;31.67;14.08;202;0;0;0;0.5;2.5
05/10/2019 00:00;20.58;30.62;12.14;210;0;0;0;0.9;2.4
04/10/2019 00:00;20.49;31.62;11.21;214;0;0;0;0;2.4
03/10/2019 00:00;19.86;29.3;14.83;188;0;0;0;0.4;2.4
02/10/2019 00:00;20.17;30.32;12.12;217;0;0;0.2;0.8;2.6
01/10/2019 00:00;24.58;33.04;17.03;214;0;0;0.1;0.8;2.6
30/09/2019 00:00;27.46;39.39;16.46;197;0;0;0;0.6;2.3
29/09/2019 00:00;24.84;35.06;17.02;219;0;0;0.1;1.4;2.7
28/09/2019 00:00;26.48;37.55;16.53;220;0;0;0;1;2.6
27/09/2019 00:00;24.08;34;15.83;219;0;0;0;0.8;2.8
26/09/2019 00:00;23.92;34.03;14.92;224;52.2;0;0;0.3;2.9
25/09/2019 00:00;22.41;32.55;13.69;232;0.4;0;0;0.5;2.8
24/09/2019 00:00;22.95;32.95;14.2;233;0;0;0;0.3;2.9
23/09/2019 00:00;21.8;30.74;14.82;230;0;0;0.2;0.8;3
22/09/2019 00:00;21.49;30.03;14.59;227;0;0.1;0.8;2.7;3.1
21/09/2019 00:00;22;30.05;15.51;184;0;0.1;0.7;2.1;2.7
20/09/2019 00:00;19.83;24.9;15.18;118;0;0;0.5;1.8;1.8
19/09/2019 00:00;21.98;32.24;14.09;240;0;0;0.2;0.8;3.2
18/09/2019 00:00;21.51;29.88;16.4;233;0;0.1;0.6;1.8;3.3
17/09/2019 00:00;24.19;32.05;18.79;236;0;0.1;0.7;3.3;3.4
16/09/2019 00:00;23.28;33.38;14.83;249;0.2;0.1;0.6;1.9;3.4
15/09/2019 00:00;22.68;31.56;15.84;253;0;0.1;0.7;2.7;3.6
14/09/2019 00:00;23.09;31.64;15.58;249;0;0.1;0.6;3.2;3.3
13/09/2019 00:00;22.7;31.51;15.16;258;0;0.1;0.6;2.8;3.4
12/09/2019 00:00;19.93;26.69;13.98;176;0;0.3;1.3;2.9;2.7
11/09/2019 00:00;19.82;27.61;12.64;264;0;0.2;1;2.4;3.4
10/09/2019 00:00;21.58;28.62;16.73;242;0;0.4;1.6;5.6;3.6
09/09/2019 00:00;23.81;32.53;16.12;262;0;0.1;0.9;2.6;3.7
08/09/2019 00:00;22.54;28.97;18.31;188;0.4;0.2;1;3.7;3
07/09/2019 00:00;23.76;31.45;20.42;166;0;0.2;1;3.2;2.8
06/09/2019 00:00;27.27;36.53;20.01;268;0;0.3;1.1;3.8;4.2
05/09/2019 00:00;24.17;32.48;18.31;235;0;0.1;0.9;2.6;3.7
04/09/2019 00:00;26.93;36.4;18.31;264;0;0.2;0.9;2.2;4
03/09/2019 00:00;27.68;37.25;20.63;272;0;0.2;3.2;9.8;4.2
02/09/2019 00:00;26.79;34.43;20.33;252;0;0.1;0.9;2.7;4
01/09/2019 00:00;26.38;35.08;18.74;271;0;0.2;0.8;2.4;4.3
31/08/2019 00:00;27.46;34.33;21.18;267;0;0.1;0.7;2.6;4.1
30/08/2019 00:00;28.61;38.47;19.75;268;0.6;0.1;0.9;2.6;4.2
29/08/2019 00:00;27.6;34.22;20.72;160;0;0;0.8;3.1;2.6
28/08/2019 00:00;26.25;36.07;17.53;267;2.2;0.1;0.7;1.8;3.8
27/08/2019 00:00;22.52;31.65;15.97;279;3.6;0.1;0.7;2.2;4
26/08/2019 00:00;22.75;30.45;17.43;220;0;0.2;1;2.7;3.5
25/08/2019 00:00;27.7;36.78;19.31;249;0;0.1;0.7;2.5;3.8
24/08/2019 00:00;29.9;40.12;19.38;265;7.2;0.1;1.1;2.7;4.2
23/08/2019 00:00;31.43;42.55;22.68;274;2.4;0.1;0.7;2.5;4.2
22/08/2019 00:00;29.2;40.02;20.31;280;1.2;0.1;0.9;2.5;4.4
21/08/2019 00:00;24.19;33.05;15.7;282;7.4;0.1;0.5;2;4
20/08/2019 00:00;23.65;32.8;15.83;286;0;0.1;0.7;1.7;4.2
19/08/2019 00:00;24.34;33.85;15.21;291;4;0.2;0.7;3.9;4.4
18/08/2019 00:00;26.15;35.47;18.65;294;0;0.2;0.8;2.3;4.6
17/08/2019 00:00;28.14;38.95;17.31;287;13.2;0.1;0.7;2.1;4.6
16/08/2019 00:00;27.37;37.98;19.4;296;6.6;0.1;0.6;3.9;4.6
15/08/2019 00:00;27.08;37.82;18.12;287;12.2;0.1;0.7;2.1;4.5
14/08/2019 00:00;27.52;38.55;17.73;288;1.2;0.1;0.4;1.3;4.3
13/08/2019 00:00;25.06;34.24;16.39;288;0;0.1;0.7;2;4.2
12/08/2019 00:00;23.52;31.98;16.2;280;0;0.2;0.8;2.4;4.2
11/08/2019 00:00;24.09;32.16;18.27;276;0;0.2;0.8;2.3;4.3
10/08/2019 00:00;25.43;34;18.33;283;3.8;0.2;0.8;2.5;4.5
09/08/2019 00:00;25.13;33.01;18.47;268;2.6;0.2;0.7;2.6;4.2
08/08/2019 00:00;27.13;38.85;19.74;269;2.4;0.1;0.8;2.1;4.4
07/08/2019 00:00;27.21;35.09;21.55;235;0;0.1;0.6;2.4;3.9
06/08/2019 00:00;26.98;35.85;20.55;262;0;0.2;1.5;5.3;4.4
05/08/2019 00:00;25.88;34.41;17.83;283;0;0.2;0.7;2.3;4.5
04/08/2019 00:00;24.66;34.04;17.15;279;0;0.2;0.8;1.8;4.5
03/08/2019 00:00;24.81;34.08;18.61;273;0;0.2;0.8;3.8;4.4
02/08/2019 00:00;25.57;34.14;19.64;289;0;0.2;0.8;2.4;4.8
01/08/2019 00:00;25.78;35.64;18.42;286;0;0.2;0.7;2.9;4.7
31/07/2019 00:00;26.11;36.58;17.48;300;0;0.1;0.7;2.7;4.6
30/07/2019 00:00;23.83;33.63;15.99;293;0;0.2;0.9;3.1;4.6
29/07/2019 00:00;23.23;31.95;17.72;291;0;0.2;0.7;3.1;4.6
28/07/2019 00:00;22.16;31.39;15.05;300;0;0.2;0.8;2.1;4.6
27/07/2019 00:00;22.82;32.93;15.98;311;0;0.2;0.8;3.2;4.7
26/07/2019 00:00;23.96;33.8;18.11;271;0;0.2;0.8;2.2;4.4
25/07/2019 00:00;27.4;36.87;20.59;290;0;0.2;0.8;3;4.9
24/07/2019 00:00;27.66;37.76;19.66;287;0;0.1;0.8;3.1;4.9
23/07/2019 00:00;27.27;35.26;20.68;290;0;0.1;0.6;2.6;4.9
22/07/2019 00:00;27.72;36.37;20.78;287;0;0.1;0.6;2.3;4.9
21/07/2019 00:00;26.08;34.21;19.19;293;0;0.1;0.7;2.1;4.9
20/07/2019 00:00;26.27;35.77;19.13;294;0;0.2;0.8;2.5;4.9
19/07/2019 00:00;25.48;35.11;17.52;275;0;0.1;0.6;2.3;4.5
18/07/2019 00:00;22.17;32.15;13.66;302;0;0.2;0.7;2.2;4.6
17/07/2019 00:00;21.23;30.97;16.66;246;0;0.2;0.8;3.2;4
16/07/2019 00:00;23.58;33.92;16.71;295;0;0.2;1;2.6;4.8
15/07/2019 00:00;23.56;34.22;15.42;301;17.4;0.2;0.8;3.2;4.8
14/07/2019 00:00;24.44;34.06;17.11;300;0;0.1;0.7;2.7;4.8
13/07/2019 00:00;24.09;33.23;17.97;283;5.2;0.1;0.7;2.3;4.6
12/07/2019 00:00;23.94;31.61;19.72;243;0;0.2;1.1;3;4.1
11/07/2019 00:00;23.56;32.78;16.08;282;1.2;0.1;0.7;2.2;4.5
10/07/2019 00:00;21.82;31.84;14.04;300;1.8;0.2;0.7;2.4;4.7
09/07/2019 00:00;21.21;29.42;14.34;306;0;0.2;0.7;2.5;4.6
08/07/2019 00:00;21.15;30;15.63;300;0;0.2;1;3;4.6
07/07/2019 00:00;21.43;29.52;16.58;226;0;0.3;1.1;3.3;3.8
06/07/2019 00:00;22.38;32.47;15.63;266;3;0.2;0.9;2.9;4.4
05/07/2019 00:00;22.77;32.85;15.15;296;6.6;0.1;0.6;1.7;4.6
04/07/2019 00:00;21.68;30.44;15.5;309;0;0.2;1;2.6;4.7
03/07/2019 00:00;20.17;29.71;14.71;250;0.2;0.2;0.7;28.3;4
02/07/2019 00:00;20.76;30.32;15.88;258;5.4;0.2;0.7;2.8;4.1
01/07/2019 00:00;21.93;31.42;17.17;285;9.6;0.2;0.9;3.4;4.6
30/06/2019 00:00;23.06;32.12;16.94;285;0;0.2;0.7;2.6;4.6
29/06/2019 00:00;23.81;33.76;16.33;305;0;0.2;0.8;2.8;4.9
28/06/2019 00:00;22.4;32.32;14.36;302;0;0.2;0.8;2.6;4.7
27/06/2019 00:00;20.71;25.34;17.08;118;0;0.1;0.5;2.3;2.2
26/06/2019 00:00;22.38;31.59;16.21;280;0;0.2;0.8;2.7;4.5
25/06/2019 00:00;23.11;33.07;14.75;303;3.2;0.2;0.7;2.3;4.8
24/06/2019 00:00;22.19;31.41;14.11;298;2.6;0.2;0.9;2.2;4.6
23/06/2019 00:00;22.66;31.25;14.63;307;0;0.2;0.9;3.7;4.7
22/06/2019 00:00;22.4;31.81;13.79;302;0.2;0.2;0.9;2.4;4.7
21/06/2019 00:00;20.53;29.63;15.02;297;7.8;0.2;0.7;2.4;4.5
20/06/2019 00:00;20.69;29.89;14.66;308;4.4;0.3;0.9;2.9;4.7
19/06/2019 00:00;20.89;29.95;12.62;305;1.2;0.2;0.9;2.7;4.6
18/06/2019 00:00;20.77;30.72;13.46;298;0;0.2;0.8;2.3;4.5
17/06/2019 00:00;21.74;31.52;12.18;303;0;0.2;0.9;2.6;4.6
16/06/2019 00:00;20.35;29.99;12.9;304;0;0.2;0.9;2.9;4.5
15/06/2019 00:00;19.34;29.17;11;310;0;0.2;0.7;3.3;4.5
14/06/2019 00:00;18.4;26.55;13.79;258;2.6;0.2;0.8;2.6;3.9
13/06/2019 00:00;19.48;27.73;14.35;291;0;0.5;2.2;5.3;4.5
12/06/2019 00:00;20.84;30.87;11.31;296;2;0.2;1.1;3.7;4.4
11/06/2019 00:00;18.95;29.22;10.04;308;0;0.2;0.8;2.3;4.4
10/06/2019 00:00;18.05;27.05;11.29;298;0;0.3;0.9;2.6;4.3
09/06/2019 00:00;19.32;28.59;12.24;308;0;0.3;0.9;6.5;4.5
08/06/2019 00:00;20.25;30.39;11.32;306;0;0.2;0.9;3.7;4.5
07/06/2019 00:00;18.6;28.15;10.22;306;0;0.2;1;2.7;4.4
06/06/2019 00:00;17.91;28.21;10.3;305;0;0.2;0.9;2.9;4.3
05/06/2019 00:00;18.38;24.28;13.41;201;0;0.3;1;2.4;3.2
04/06/2019 00:00;22.73;31.63;14.99;304;0;0.2;1;2.9;4.7
03/06/2019 00:00;27.3;38.46;17.56;307;0;0.2;1.2;3;4.6
02/06/2019 00:00;28.24;38.53;18.87;320;0;0.1;0.7;2.1;4.6
01/06/2019 00:00;28.24;38.23;18.48;317;0;0.3;0.7;3;4.9
31/05/2019 00:00;27.22;38.24;18.38;307;0;0.5;1.1;4.4;5.2
30/05/2019 00:00;26.18;34.15;19.64;307;0;0.9;1.8;4.3;5.7
29/05/2019 00:00;26.43;37.67;15.27;313;0;0.2;0.9;2.7;4.9
28/05/2019 00:00;24.34;33.96;14.37;315;0;0.2;0.7;2.2;4.7
27/05/2019 00:00;24.86;33.59;16.41;319;0;0.2;1;2.5;4.7
26/05/2019 00:00;23.74;31.93;15.78;319;0;0.4;1.3;4;4.9
25/05/2019 00:00;20.9;30.23;11.65;317;0;0.2;1;2.9;4.5
24/05/2019 00:00;20.52;29.72;12.49;295;0;0.3;1;3.1;4.4
23/05/2019 00:00;21.92;32.14;12.94;312;0;0.2;0.8;2.4;4.6
22/05/2019 00:00;20.23;29.8;10.72;303;0;0.2;0.8;2.3;4.3
21/05/2019 00:00;18.71;27.9;11.09;317;0;0.2;0.9;2.3;4.5
20/05/2019 00:00;18.07;26.2;11.22;314;0;0.2;0.7;2.2;4.4
19/05/2019 00:00;15.92;24.46;7.98;295;0;0.2;0.8;1.9;3.9
18/05/2019 00:00;15.13;24.65;8.89;300;6.2;0.4;1.4;4.3;4.1
17/05/2019 00:00;17.75;26.21;11.4;306;9;0.4;1.1;3.3;4.3
16/05/2019 00:00;24.37;34.55;15.88;318;0;0.2;0.9;2.9;4.7
15/05/2019 00:00;25.97;35.82;18.69;324;6.6;0.2;1.2;3.2;4.8
14/05/2019 00:00;26.81;37.63;15.89;313;7.8;0.2;0.7;2.1;4.7
13/05/2019 00:00;29.65;39.44;19.62;309;0;0.1;0.6;1.8;4.4
12/05/2019 00:00;28.91;38.41;20.3;311;0;0.3;1;3.3;5.1
11/05/2019 00:00;23.63;34.47;13.3;305;0;0.1;1;2.3;4.6
10/05/2019 00:00;20.17;29.32;11.27;307;0;0.2;0.7;2.9;4.5
09/05/2019 00:00;19.15;28.98;11.65;307;0;0.2;0.6;2;4.3
08/05/2019 00:00;18.48;28.88;11.33;303;0;0.2;0.9;3.1;4.3
07/05/2019 00:00;19.35;29.67;10.43;304;0;0.1;0.8;2;4.3
06/05/2019 00:00;18.06;28.5;9.83;307;0;0.1;0.6;2.3;4.2
05/05/2019 00:00;18.91;28.81;13.26;291;0;0.2;0.7;2.2;4.2
04/05/2019 00:00;18.1;26.26;13.04;234;0;0.2;0.8;2.2;3.5
03/05/2019 00:00;18.74;26.03;14.17;214;0;0.1;0.6;1.8;3.2
02/05/2019 00:00;19.7;26.24;15.94;122;0;0.1;0.6;2;2.1
01/05/2019 00:00;21.11;29.28;14.44;165;1;0.2;2;6;2.8
30/04/2019 00:00;21.98;31.65;11.58;313;0;0.1;0.7;1.9;4.3
29/04/2019 00:00;23.51;31.83;15.82;303;0;0.3;1.8;4.2;4.6
28/04/2019 00:00;23.38;33.16;15.3;268;0;0.4;2.9;6.8;4.4
27/04/2019 00:00;19.22;28.28;9.55;303;0;0.3;1.2;3.2;4.2
26/04/2019 00:00;16.03;22.85;10.15;300;0;0.1;0.7;2.3;3.9
25/04/2019 00:00;14.96;23.4;8.24;260;0;0.3;1.3;3.7;3.4
24/04/2019 00:00;12.66;21.06;4.52;312;0;0.2;1.3;4;3.6
23/04/2019 00:00;11.24;15.5;6.47;56;11.2;0.4;2.4;4.8;1.2
22/04/2019 00:00;13.81;20.43;10.8;123;4.6;0.5;1.9;4.8;2
21/04/2019 00:00;12.4;17.51;8.56;125;4.8;0.5;2.3;6.1;1.9
20/04/2019 00:00;13.16;20.58;9.91;194;9.2;0.2;1.4;4.5;2.6
19/04/2019 00:00;12.27;19.85;7.73;179;1.6;0.3;1.6;4.3;2.5
18/04/2019 00:00;14.33;20.15;10.78;202;2.8;0.4;1.7;4.1;2.8
17/04/2019 00:00;17.59;23.24;13.28;188;0;0.2;1.2;3.4;2.8
16/04/2019 00:00;20.67;32.47;10.99;288;0;0.1;1.2;3.1;3.9
15/04/2019 00:00;20.07;26.81;12.23;268;0;0.5;1.9;4.1;3.9
14/04/2019 00:00;19.09;30.31;7.45;297;0;0.1;0.6;1.6;3.7
13/04/2019 00:00;15.19;24.58;6.27;299;0;0.1;0.6;2;3.5
12/04/2019 00:00;13.5;21.46;6.8;280;0;0.1;0.6;2.1;3.3
11/04/2019 00:00;12.97;20.56;6.95;227;0;0.2;0.8;2.4;2.8
10/04/2019 00:00;12.81;19.29;7.37;296;0;0.2;0.8;2;3.4
09/04/2019 00:00;13.92;20.21;8.46;237;0;0.2;0.7;2.5;2.9
08/04/2019 00:00;14.47;22.02;7.71;267;0;0.2;1.3;3.2;3.2
07/04/2019 00:00;12.53;20.95;5.67;225;0.2;0.4;1.6;4.3;2.8
06/04/2019 00:00;9.21;16.08;4.29;174;1;0.7;2.3;5.4;2.2
05/04/2019 00:00;9.76;16.39;6.32;93;15.8;0.7;2.8;8.4;1.6
04/04/2019 00:00;10.66;12.26;9.13;41;1.8;0.6;1.7;4.1;0.9
03/04/2019 00:00;15.09;25.09;9.69;144;0.2;0.1;0.8;2.8;2.1
02/04/2019 00:00;14.24;22.6;8.6;199;0;0.1;0.8;1.9;2.5
01/04/2019 00:00;14.22;21.44;9.31;167;0;0.1;0.9;2.2;2.2
31/03/2019 00:00;13.18;17.76;10.68;92;1;0.3;2.2;4.7;1.5
30/03/2019 00:00;15.94;23.88;12.98;118;5.8;0.3;2.5;5.2;2
29/03/2019 00:00;18.09;25.41;11.88;264;6.4;0.3;2.2;7;3.5
28/03/2019 00:00;14.63;21.99;8.74;256;0;0.6;1.5;4.3;3.3
27/03/2019 00:00;12.86;15.74;10.53;100;0;0.5;1.4;4.4;1.6
26/03/2019 00:00;19.13;27.44;12.8;195;9.6;0.2;3.1;6.2;2.8
25/03/2019 00:00;19.96;27.18;12.89;205;0;0.4;1.4;3.3;3
24/03/2019 00:00;18.07;25.27;12.24;187;0;0.2;1.2;4.2;2.5
23/03/2019 00:00;15.72;23.54;8.71;214;0;0.7;2.1;5.9;3.1
22/03/2019 00:00;14.02;21.53;6.76;264;0;0.8;1.6;5;3.4
21/03/2019 00:00;12.11;18.29;7.04;260;0;1.4;2.3;6.8;3.5
20/03/2019 00:00;13.4;19.37;9.38;257;0;1;2.4;6.3;3.3
19/03/2019 00:00;14.05;22.44;6.61;252;0;0.2;0.7;2.3;2.8
18/03/2019 00:00;14.44;22.24;6.91;243;0;0.1;0.8;2;2.6
17/03/2019 00:00;18.08;26.34;11.79;235;0;0.1;0.8;2.3;2.8
16/03/2019 00:00;18.55;28.95;11.41;239;0;0.1;0.7;2.8;2.7
15/03/2019 00:00;17.56;28.85;8.26;244;0;0.1;0.8;2.6;2.5
14/03/2019 00:00;15.03;24.02;7.9;242;0;0.1;0.7;2;2.8
13/03/2019 00:00;14.56;21.9;7.99;228;0;0.1;0.6;2.3;2.6
12/03/2019 00:00;18.32;28.87;9.66;239;0;0.1;0.7;2.6;2.7
11/03/2019 00:00;16.57;26.96;8.27;233;0;0.1;0.7;2.4;2.5
10/03/2019 00:00;16.56;26.84;8.37;226;0;0.2;0.9;2.8;2.5
09/03/2019 00:00;12.75;20.43;6.17;220;0;0.4;1.7;6;2.5
08/03/2019 00:00;10.62;17.93;5.19;152;0;0.1;1.1;3.1;1.7
07/03/2019 00:00;10.84;17.53;7.05;175;3;0.2;1.1;3.1;1.9
06/03/2019 00:00;13.5;21.2;8.59;174;2.2;0.4;2.1;5.5;2.2
05/03/2019 00:00;14.66;24.87;6.02;166;0;0.1;0.6;1.8;1.9
04/03/2019 00:00;14.04;20.59;9.32;200;0.2;0.1;0.5;2.3;2.2
03/03/2019 00:00;12.58;21.96;5.57;180;0;0.1;1;3.4;2
02/03/2019 00:00;13.47;19.99;9.01;194;0;0.1;0.8;1.8;2.1
01/03/2019 00:00;12.25;20.15;5.19;191;0;0.1;0.8;3.5;2
28/02/2019 00:00;12.52;20.7;5.98;193;0;0.1;0.5;1.3;2
27/02/2019 00:00;13.61;22.04;5.77;193;0;0.1;0.7;2.2;2
26/02/2019 00:00;14.61;24.32;6.29;190;0;0.1;0.6;1.8;1.9
25/02/2019 00:00;14.07;21.43;8.32;191;0;0.6;1.4;4;2.4
24/02/2019 00:00;14.02;22.74;5.09;188;0;0.3;1.3;3.4;2.1
23/02/2019 00:00;14.41;24.45;7.49;181;0;0;0.3;1.6;1.7
22/02/2019 00:00;13.9;24.46;5.6;180;0;0;0.7;1.8;1.7
21/02/2019 00:00;13.25;22.44;7.03;170;0;0.1;0.7;2;1.7
20/02/2019 00:00;11.27;19.48;4.91;162;0;0.1;0.6;2.4;1.6
19/02/2019 00:00;9.62;16.78;3.89;162;0;0.1;1.2;4.8;1.5
18/02/2019 00:00;10.85;16.87;8.02;59;6.4;0.3;1.6;4.2;1.1
17/02/2019 00:00;11.92;19.04;6.47;146;0;0.1;0.8;2.6;1.5
16/02/2019 00:00;14.17;21.13;9.24;115;0;0.2;1.1;2.8;1.4
15/02/2019 00:00;14.47;23.19;7.9;161;0;0.1;0.7;1.9;1.6
14/02/2019 00:00;16.34;26.74;9.36;160;0;0.1;0.8;2.7;1.5
13/02/2019 00:00;14.55;25.02;5.64;154;0;0;0.4;1.5;1.4
12/02/2019 00:00;12.33;20.23;4.83;148;0;0.2;1;3;1.5
11/02/2019 00:00;10.28;18.61;3.4;146;0;0;0.5;1.6;1.3
10/02/2019 00:00;11.13;20.36;4.97;151;0;0.1;0.7;1.7;1.4
09/02/2019 00:00;11.62;22.16;4.7;148;0;0.1;0.8;2.7;1.4
08/02/2019 00:00;11.12;20.55;4.78;143;0;0;0.4;1.3;1.3
07/02/2019 00:00;10.87;20.02;5;146;0;0;0.4;1.4;1.3
06/02/2019 00:00;11.86;22.12;4.6;145;0;0;0.4;0.9;1.2
05/02/2019 00:00;11.46;22.65;3.46;143;0;0;0.7;1.7;1.2
04/02/2019 00:00;8.5;18.24;1.05;146;0;0.1;0.9;2.2;1.2
03/02/2019 00:00;7.26;14.05;2.69;131;0;0;0.7;2.1;1.1
02/02/2019 00:00;8.37;11.4;6.05;53;14.4;0.6;2.5;6.4;0.8
01/02/2019 00:00;10.83;16.59;6.93;58;15.6;0.9;3.1;9.4;1.1
31/01/2019 00:00;11.61;16.59;8.02;125;0;0.4;1.9;4.9;1.3
30/01/2019 00:00;11.39;17.16;8.08;117;0;0.2;1;2.5;1.2
29/01/2019 00:00;9.99;16.21;4.84;108;0;0.1;0.6;1.9;1
28/01/2019 00:00;10.87;16.02;7.21;126;0;0.1;0.9;3.7;1.1
27/01/2019 00:00;11.6;16.24;8.21;94;0;0.3;1.4;3.9;1
26/01/2019 00:00;11.54;20.23;4.73;116;0;0.1;1.6;4.2;1.1
25/01/2019 00:00;10.53;17.99;5.15;111;0;0;0.9;1.8;1
24/01/2019 00:00;10.27;13.96;7.52;44;1.6;0.2;1;3.6;0.7
23/01/2019 00:00;9.94;11.48;8.73;69;2.4;0.6;1.6;5.6;0.8
18/01/2019 00:00;15.44;15.58;15.35;0;1.4;0;0.2;9.2;0.6
17/01/2019 00:00;15.61;15.73;15.43;0;0;0;0;0;